address,amount
0xDaB8892C07FB4C362Dd99D9a2fBFf8B555D39Cb5,68
Oxa69e08ddcaef028d8d1e70c678ec130d07c8dea3,513
Ox163edc8afc48a2876e04d5a84e061cb3fb2f5b5d,80
Ox2bf2dad231f9b9a84baa6e55670aee9e34e9a9ce,52
Ox732902be67ae2f01e51add3ac1438bd1c93fff08,812
Ox34a7b01e2b733d925512af75f730be3dcc7cbebd,10
Oxddb93e181343003f6397b7b00d531d4a4a7e07dc,26
Oxc631522fc39b7d2c110f49d922f7b164906fe98c,78
Oxcf05125e93c296a1dbf0901a26713e0d5b852b78,434
Ox251596c6437e992f73343163b62a1e71a582dd43,619
Ox314681c368fddf342bac1477279d69eaafe6c965,99
Ox31f10bb4a793d83e272111c8804849e5c11077e5,475
Oxfcfa17ae0e40f8b7be94b241baf42a7e0bf15ed2,641
Oxd16f21f4120da92f70c9c74b0e7613d0cf685614,47
Ox403bc4828331dd2f23c922ebb1ce4fe9d4fd7b9b,87
Ox9e8cffd9151b52d306309898936ae320a5690268,495
Ox78c7b6eddc594ee82758c97bce86971e24f10ade,847
Ox7bd82ca6863440761468c7009082d236dd5ed39f,153
Oxe04a8aad0381d76562ab1e2c93f12beb7a102cdd,930
Oxc3db92ced2c3ba66e0625ba33af2c244a8cb98fa,7
Ox2f05b474bb4b10ed96874ad0210972c983b47299,900
Oxf352f23d4e4bc59214b0e81d4621fdcbdda10d67,95
Ox0cab37bc4bb2b30de535413dfd1207a48a794550,889
Oxee2abe1499465c4eeb88f9a3bf20bd130840a06c,707
Ox9a42d11b5011a8502c9eb2ffad91f52683b4735e,99
Ox5e3e11a54c1d1ec5b33f5e634416f36a7b6c16ae,536
Ox4480b67b2116a9489498547ce3c2fc032fe4884b,34
Ox6eb720553c1344d8834a9cdc8676e575b8f19987,328
Ox90787d828bac7f4af79fecee091175780a546742,622
Oxe0bf2ec31ee62ed90b68bc6c060a419a43c2f90c,803
Ox33547c29d646de93a3b1ed6c7135b27f27d76e8e,70
Oxb1cf9cd201a4be62fc8c19312f3d3c17099471cd,5
Ox16cf9a24eb3b9a19bf45fe7c0853d08426f13b63,410
Oxd1896ae650a77afe25442f6184a013e29fe25802,585
Ox14aa74be86490c24292048aa4e308ca1551e7667,7
Ox171938aab96c1a1e7797aeb00627b8ca5e163f4f,42
Ox4c68de038b04f35b7894e393b3d590b80cb7c15c,30
Ox4d15dad2f90792a72a30f70c683f8bbd8f205142,31
Ox09b944e3a3cf92a5befe34410a47e5aa300b9c04,916
Oxe0e07abeebccc535dffdf732b8f5fd36d36a2070,917
Oxd3e911e762a512bb4e0a28200f984589b53468fc,426
Oxbc65d415e43b1bfaf1c73858612725267bbf4916,288
Ox918eece1bf5225ed8d8aa808000d1b04540583c2,22
Ox8a8fcd8684904dff6bba24db3a0b207c16ef1f73,329
Ox784ada23b80cdc4cfa5cc143d67558f553d0417e,662
Oxfb8631d1700f523d8d583f52acc293b89c62c74b,68
Oxf6694ac4b625ca30dfb3daa1c9871cce0c239d5b,21
Oxc59c5bb3a9fcd6a023885044275a3c023e56abc1,70
Ox6732cc76c02e47befb4276909e3e66d27eef47fd,6
Oxd102319715ff34ba95850426a827302a49f08ce6,96
Ox875224f8a458f0f2bce0e6a6b436803f4c41257e,20
Ox5ab67a6d45bee6ab9badc14ad766543813a91472,3
Ox52d4210a2c19d3fc1852dff44c6fc388a00d1f19,70
Ox00b240a7d181859dc7bfe86d9d9db961e9daa021,57
Oxe5e5532087d9816c15500f2cbc87b3f80ef4371e,787
Oxa2d1da4c344df75c0b8a6835ae5491437f048437,99
Ox0a35420b1fa560f524f7ec40164ae1b2294cb6d9,295
Ox7c780d00887a58c7deaa7eed21499a23545ddfa8,739
Ox7592cc33edddca9504dd510eb95b4bd39933bf0f,20
Ox0bac74085113f8990877c57925710f1fe3292b23,917
Ox5ccaf9f0446c742dcdcdf1c576c6798bd28cfc9e,21
Ox963dd96f5aa15474a8d7a970753d1f28541b7138,259
Oxee2646bbdd1e61c814b33db61dd8f4a0e058bcee,72
Ox89633ff1eb1cd45f917dbf9ccde3c3dbd2088563,919
Oxbd46d03b3d3697e33908f8cbea0f1dc23e0b0c70,6
Oxcd92b2e0c77a408622f0ea26ea59e3cfa0344ab9,139
Ox0bb5d4c55bcea3f6b787cfb0d700b8ecb443d392,87
Ox3cd6e0d05de1fd470bdba60bbb0e8aecb659f7dc,54
Ox6f40178e6b09ffcf7d0153100103f2e77e4820a5,10
Oxbd2b02770d814121be43a237f264c73dcda60c36,32
Ox6e697841ab6dd7ff44d0b62a7ca1c75a45ba3ad4,94
Ox3a38454384c78600e812d029bb05e4cb97629c2e,92
Ox7b803154f47df827145c08f3166256a68e715d03,382
Ox71ce340243ea4357dfd79a46cb5cc9322ed8c384,28
Ox8ab65f6a232e15559e467a595b7448798d0e5f74,22
Ox061ae8c1fb8688d7650c9cdb83adecd99947a967,536
Ox1d7ec05765d309942c2297fd44d1e133eb7c9875,6
Oxea2fd679ef1ed3bb9b3f58545764d284150bf973,935
Ox8a2994b0639209e24d887c0637a74bfa9c38cbe9,821
Ox7ab4bc89156187beaf7bfe326ef7c29f5c1eb086,16
Oxc32ad195e98426b3b5140b5d20c55c0a6fd7fdcd,73
Oxd14b3125cd38fe6772248fd89b8616ddb70da111,28
Ox36b52702f9dae267d4bc8fd9c3b5ef90a482e346,37
Oxde6acd181964e6caf77652035bba79a94866d46a,22
Ox6b94290685d29ebf4dca310cd1ffcf2a1627bb66,40
Ox7184513246a8d94ec57a9f03175765fd8c66e7c8,71
Oxa447883936db2b00d2a8ce1c63f85d659b2f91de,382
Ox557dafcd24c760015081e5d5619e58980a16de21,140
Ox4c559563ee3a45d3f8b296fcaa74560c09ff9b71,719
Ox79dad9b864c3fa96f0cfd991bb82c36547d08750,70
Oxe904cdf114b44a449bdd53be5a4cb0cffe04edea,847
Ox92dda72ef89054de4b7d173bb2f2648833c2c133,97
Ox692039a70687107bea5576a8ae07c69f9b7b5a81,315
Ox45bf8777fadf579b3268060ae584f5a2f7464062,57
Ox55e1b0b9335bc259aedcb2502d49f741281b077d,149
Oxb17373ce1dee28b954bc06306f8d936ff61e18a5,47
Ox5f467de96659cebc7591dddfe35babee6136d304,58
Ox76d1dfd9023f335b5428ea0f50b09073d66c094b,546
Ox54aecde9c0f582c45426f80293b5b755644c6cca,656
Ox5d9a34ef7e9ab0b505fa3a49321aa75a1ebc3d35,526
Oxdbbee356698c8b3520b19c7eb48da7f3708e849d,9
Ox1dbcc4dbdb3e4c547c438b259984f44504322830,24
Oxe49dcf34a8d602b5d02ca32c9c8158f9796e83c9,63
Oxd6eb0e59c1fa84e28cda32f7d0990ea11e12c22c,46
Ox0ed8da74d609d4ad30927519efac04bd416ba69f,168
Ox22ca2f7b222dea11bfdf7134a62d4463881ddcdc,94
Oxc9857863e78367cf671417a690c5e4bf3eb4e441,198
Ox29acdb9bb310330da70ecd9499a0711e36182280,303
Oxafc8bb83ba814bad4a9bd216e5c59916c06c9b86,12
Oxb5d204c9065d0498eea82ffc08302b7e6c164966,77
Oxc6bf9a1cea5c854844d40a42931ab9c32b50c139,563
Ox7adc29ef010244a79b64676282d5db8b0d56d6ad,217
Oxc8fc1e489f93ddd216e9825965a719dbd07363cb,56
Ox2d4e4fe7c733836045155a147136de2fa3ecd96d,6
Ox59fd4f6aebec27263031f6ecfe4ee9fe66ce904b,33
Ox45911b02c235651ae03039737c8e5f084068fb39,27
Ox22d66e0f74b442e9381b5f4244a8bd92722c65c7,74
Ox5e3ea6f9c3b3a0a49eb104e14cc70702c683cad1,194
Oxf1a7cddcd14d5c7875484472aa0fdc12f6b13521,99
Oxa3b6f9fc2685c324e7350fbae3374cd3070bf65b,90
Oxb8856ae70718337c58865ed68424a3f4b48caf8f,164
Ox861c81d1cac4dfd5f9fa75405f2bd87c2166d604,902
Ox363ed0d093f2d6a6122bb86b85cc5fb189b363f1,96
Ox1b1ebed29ef728431e5f41110c5601a66f47ec6e,406
Ox344ea072f675bd59255fa9d5e06d65c7773172d6,88
Ox49dd2eae5ca7e0109d29eba75e84b5791979720b,86
Ox71c17ca048df11cd817c39fa4050ae3177debed1,21
Ox078f9a8492cb0b2963362857a99c98e812578c4e,83
Ox71b7d5f2bf58a356a3d651cc11a8cc4af5aac848,319
Ox145ab690cff39e15aa1277095a5c734b68939dd9,81
Ox3814d6320d8f1f00103d7b5761dd32879c301cf8,479
Ox7797af3b60b99ec35631388ce87d0a64006efddd,943
Oxd7ea5651bc0b9d10a668957c1bc41c869b3cf259,28
Ox04b1ec5b4f4d0b05ef53c96e0b419e64ba0aaca3,651
Oxb605a6cbff624714f47361f4d2ad6a5f8e7a6e55,336
Ox644ead95ccfbf5a9f4b2b29fa5c0e0c731a56202,49
Ox1f52a46713c2e6081c33e6df701e363da5f10d54,50
Ox5a1496cfc44476cf277828801e7cad49f117e207,18
Oxc01dbc867b99f092e27400496c7c3e347dda5bff,33
Ox6b7bc82543be03f18e70c38c3a14d75a1432fe3e,581
Ox631f0f145957f4c54009eca14910aedfe5e89219,76
Ox72bd51ea70cfa467348a0d53452d01e119a7d7ec,6
Ox3212bd50e6d86d70770c342be0bad41f1b1b1467,378
Ox444ac29dd0b7d3fd6fe95695382f00a22ba27252,961
Ox7a15ecaa53091c8c6e75d0684c9afc07a7f3b029,611
Ox06d2746ceb791ffd2e6673f72b3599da704e29cf,380
Oxb300a9060757117f4fe8fe2f39751622d90222ef,39
Ox6ec2324a3a09ecc225804656d472fd9199a37130,42
Oxb390604179e9fdc6d2326d2f23733447658ac9d7,510
Oxc0f95aa42da4bf56cb741ec1c8811865c6c02e9c,98
Oxf296fb119f6f761be7cc9e447ae4c40e8fc03d62,200
Ox79122751b7ef718c190b3532796614a11dd64a4d,3
Ox30e212b6cb74d0be95db6a97e5b5f1a17d1145fa,142
Oxd4989365932cc32eaf89d204a3f7c2f9304bae23,856
Oxb800cb586a342dcef681790c4c49f5f0fd879a25,731
Oxbc35eab1584afadef8bde83ed70807bbb0130249,4
Ox0537dba6c72c35b6a51344280f1b94ccbad5bea4,70
Oxd6307750bb4849ce304d72610c7710c139dd7842,10
Ox5003a4dbde342cd141072047f34cb4ff7235d1fd,77
Ox3cbdb4a2803e7a9459bbd47666a65d0470243aac,939
Oxc76876fad83c6963e90e6d3f8f681b6b7fca3fdf,16
Oxda4e72fdf7fee019902e40f1ca858b975e666da4,49
Ox796c4df0b57dfad496032fdcd68849e449ed5556,684
Oxaf3d6e97cbdaf8ba72d0865f10aa1de018b21ec8,244
Ox7ec42e1537d97f5e8ea8f3252395f3dffceb7cc0,871
Ox323f3c2aab24ba0fc666ac79092f079a468d6a47,98
Ox23a2ee75b80a030997b4b2abfae021b52d4806a0,678
Oxa5d79aa7fbbdbe1c817f91660a5ef321fac0a263,929
Ox057944798f77bd72f4d8e3a58a14a409efbe0cfa,52
Ox89ccba1cd93c0d519db157939a1a318562c65eb0,97
Ox603fe4893d49a1fbf20707fcbf3196ac709b74bf,245
Ox9c1d9032c6a1d7da13c002d4e5f82ad0d105373c,455
Oxb3fbb04c7e148f9869ac73b97090e1491a09b6b0,139
Oxba32ca83b3df079526c1f7414c99332c0eaab76d,107
Oxca2dee1f8e52bf481ac088a6e4b5e1f45b22e58b,728
Ox20eb62f8ef268985cb48d334293fed6fbeaed400,51
Oxebcc9ba0c5a1f2c5617854a0bea4912da524a176,273
Oxed0f1ef24e4ae07782b72f7cc921eae0257e85ac,735
Oxb14bd1937fa5e778ab6dd21806d12d5978974074,27
Oxfec0a6fe12f00e50bfe0449e3a0ad05673938c19,75
Ox6203605ca316aecdd8366f3bd373f12cb1b438aa,82
Oxe02c9715162dc95827e07783382fa577e1c5ad47,43
Ox8349d84176e5553bb24b38a6cf5c6a63ff9762de,56
Ox325d64f4b6663475388add344544e0a15f6454cc,560
Oxa9ebc09dee17ebf833dcc08500194545be900d70,996
Ox300b09d3a37bb8efe22a95350d37d8492290ef3a,119
Oxeb834962ac96eda434fb359aafa29956e92f1085,20
Ox74f7e231c2b6c1e16189d4187ae9f1ad1221bd27,40
Oxd96945b6874b932fd9de6ea62f84ebf2c3ed7af7,30
Ox368ab7dc927d31abe1b178184f6b9767a3513e15,181
Ox4c3ab9c80a21225b49d895d772e010e75795cca4,80
Oxfb518f7b81e741f1ed10f8c06d7714d27d6420a7,61
Ox17f912e83e605d6f06d8385b1a000759bc1977ed,57
Ox30a85e79a77f2804346b700d9e6fe4d27cd7822e,9
Ox6a6464e79dbc3d486c3443e3b99bf875f0c2f99b,64
Oxbd8f4f357f71bfbe3889753be33e331635642550,89
Ox85f6443f5cd3ec77695e640f8079899f5b70f195,784
Ox6f7f798a15048510e37c6d29212954101bcd1fbe,15
Ox19e2aea4c2e9bc562b99ea3584a22bcdee424e06,13
Oxadb5d9abaff800364e59c834284091e87e4c6943,44
Oxa461797c82515484aaf5b78b479516f155a68ae7,20
Oxe96c4fa679eb2b43b63cf7751324324333787320,502
Oxc4dbace58076edb4d277a65d9246a6fb408e4c57,751
Oxca0cc90b811e9585940151cf8006e7166e286518,523
Oxd8ea3dd83a4cc62b4f22ce98c42215b43a93e5de,42
Ox63e6e8bbb88c2397f6ad0ccff3182777b85ab273,28
Ox406d0559a873c3822ca152468a74f9141ab53eaf,48
Oxf3ea210d5722ebb5f393eb072efe518676bdce9a,156
Oxf3ee5c2f7dab018fbdf001c6e57b21bdb8689d6d,74
Ox3d5985c408feb505667c7487fbe9530d94acc842,100
Oxb9ecae27c530f93814351a23025a6a09a2e7cdbb,344
Ox39546b7e1dabf63110d2f792e9dc43c5d958a5c5,81
Ox4590a138b6af8a1534a814632edb6f058c6d0946,82
Oxc1060c20d9e98931077aaf3720841f922ef0e725,98
Ox1627fda8c22ef1dc1fb0165aefa9640fadfc8444,42
Oxba17df7427569f02ae0552b8b22221cf009d8c06,180
Ox021fb9f088cdf84055f172ecb9b5c60c0a09fa59,197
Ox6fd516fbd0e80666cf131ccd2df188c88e192b2d,88
Oxc7cfb90c7bb56559d634b46666da21431ed1f47e,61
Ox593ace0dc3140ea1d32d270aff36a39adba81b8c,3
Ox4f04dfc139f0cbff1288162bc73920b60fb9e1a1,14
Ox7a96973ec1d4192e5b2ae6966f0257c69085efdc,604
Oxa1757f61d272e165db74033dd84bbc7f64254c73,33
Oxe5285e1b28ac452921a8442a3a656fbb08c2647b,83
Oxfadc7c723af530f2f9a5849565b011ca8f4c7336,31
Ox0600a9127df5445e5189e201e37452d38d88e65b,49
Oxa2397b46d0be25bb324237194a99fefbe45c8ccc,55
Oxe00d55b8e3f18513d5702ef57c2944b01b98ab44,90
Ox86ab5f8379b9234a5cc433ffab616089f7fdcb05,96
Ox160282f743c846fa2b6cbaff1a1c9af1a40b674b,581
Ox3e2fdcbcae175037edd28b57b6f87103dc5a547a,794
Ox6151f6981b424e5e1f3e7f64fc20237b3e4a1bf3,702
Oxd1d32906feb25e418123151fd17324446f1ae530,47
Oxd8a36986454794427dcde76e2fe39541a08e6556,83
Ox9fe78b8b4c0b497fee1a3709d1aeb15ee530956f,547
Ox023dc1dca3f13a1bbe05dbeb82f96dcec9e6da2c,537
Ox02705f0253f2b3e829f3961429365bd95dff23e8,508
Oxfdcc9b92b294eaad557fab504fba0ca329d113fd,81
Ox2cae7dd79891910d0004cfec04352952e899c8a7,108
Oxf027d9a392553ae4977f9525782092f677de5f38,406
Ox6c14d004719843fd1fe8af4ad178de1a074b40aa,14
Ox48db60aaf364eb3195e5dd3be98d115237fc67f3,618
Ox1a26945ccdf2198a4f6e3c1ca078486c630712cd,504
Oxd5b8541e4b29bb3f7430b372e819e114cd2ac564,898
Ox2525d233229cdac915f62d60c931bb20a8316851,31
Ox4c165365969a83bf258dba4efed307ecdf24bdb5,99
Oxf69d2cb8cf8cf02cf8f7523bdcea220c41eb2eb3,722
Ox35d6b8cbc1fb0120559c937e7c41f93c1ea2f61e,77
Ox9a2edbff6bc60528b78ad036df196918c2a20ca5,35
Ox0203eab53113891f038d701b81f333cd4459d078,88
Ox39655d94e00d05f767d4d643b70144cfd1ebf589,331
Ox687d000809afe0fdc8de3a652e394ebed9420e25,552
Ox09c27cdbbfa9055160e8160bdbe84625eece2eb8,843
Oxd56baba5e366735aa1785ceb6b026c806c14da27,119
Oxc02bbc815115d338005818ac1839cb406a0301b3,70
Ox921230d2491a35b92e8ff597c16a65a3b393ef27,624
Ox6c9b4b205f0df4b96da4334879d7547855766e46,83
Ox45dd1d84e35ee13986fa222b8e42b5ea1cc7a4ec,719
Ox7318d7130944c77373ebe753b36d6688ed40a21c,971
Ox29855ea0bd5c2826f13dca8198fa895fa23b6162,108
Oxa05bcfba4c8875b4b5ebe6e3b32c9f81431d7c2a,6
Oxee4782ffe35ea0c978619b962c9cdf0beacd18e0,450
Ox529ac77908fa7ef4c803a7de6d965c9d17f64ad7,987
Ox133162f346faabbd9dddc381db7b409d2b77322a,618
Ox359bbaf1d2def76a4ff9c96d652ee15659be92d1,268
Oxec6c2e8595e3191acfea25619e13fc7f777eabf2,790
Ox3b2f4682d1dc89b136a23714d288acbb36234675,42
Ox74c0b8a765ce1fa98f730afc76383a00c4fd53ef,21
Oxb81c6aa3238670cf64f0ca764ff1ffbbdecf47ec,97
Oxd373b575b5736fcdad9cecaae434f3939aa8a029,66
Oxe859fa3c1bc1e785839ea656c2955067c8a1a662,8
Oxd6023037fbd205414ee04b77daf6975482bd116c,429
Ox7065ffa6e60e8c1059f5e0edb1f39e3d134883c0,840
Ox9b1386356e4bd077243b96f1725728ba638a0c18,96
Ox1bb54a23ce789ebc870e50620d4972d8e53c5c28,534
Ox70fcbd80512741b44337dc97c3306e3a341fd379,124
Oxd3d9a6a6da0d64865a7f07ef7fe7927007fe2bf7,274
Oxfda8b76640585dea5af27605c970e65eb45da4b9,655
Oxc8a0dda339d9eb55b05ec640d4003728670624e9,283
Oxdae659c3fb266c5234102aaac8a455cdba23b31c,89
Ox495e073b88f9725841cd0f05ade866c5fabf1f0e,45
Ox0e5a601a8d8cd9692659370eb8ebe33d006244c7,100
Ox284432a76ffc47d0ded4a7709f653871dd93cfff,146
Oxdccf2e63e34710c9ca004df1b69ff08adabfb6e9,628
Ox065a6bb0c5d74145c7c198a98aacd7bd4e730a8f,80
Oxb6c0ce536b6a6cc2b027acf25783d51ed9722383,367
Ox4df231607d95021dcbad8524dec9f427c8622b1e,6
Ox42c34bea4dfc8e423fbc0cc56cb81d7a199ac75d,61
Oxb3ce7a504d2b5275c5e19e5c1868c078e71fda3d,76
Oxfa8b1951766f19fc9d90bc56fedf27699aa98559,259
Ox6fdcaf706ea954d8a3e1e008d6a5e97d6d368baa,681
Ox7482d0b770f082941e1fa133dcc0f6cd0f4c623e,916
Oxe9e7fc12e2e0168d6b5b5c7f9c9d7626cac973e3,73
Oxe37c8c329f72e665404b7d5191ee8c12be52cd6e,666
Ox1711e197c6c095e49c594757f8137dfa1f7dedd4,336
Ox22e1a2a924095f1ccf6219ccc58f7874be98fa74,85
Oxc0856cbf575625617b51432bfcd9e89405b0d385,49
Oxd974cad9896fdc04d1dcf4721c4538f9b17692ed,651
Oxb931cbda00b95809d4af6bb0201be7aa0ff73e3b,5
Oxf051a0235d291ffeb3a5c60f54a31bcb12d206bc,381
Oxac5d82391a90748851db68339550a0590960c6b1,28
Ox7b92f354ddfbaafd08453d25139d87a2ca67e319,76
Oxbd1ec06d07d3c66c33b2d1b4d659b11e151995e9,43
Ox9bc49ad982a029e89252aff7e809b77494d47945,13
Oxb5d68bc81516d85862ed2287ed55642384dfdd56,740
Oxfc1f03f6776028d4d02118a6ae80e0e8e5adab4f,429
Oxaf8c69bae00717631b4fc1eec9035e7602920802,615
Ox101e97d28375ece7efd073390a631cb9fc633cb5,19
Ox424f02f9e68c4376f84e4be52d8ce7dac04ddab1,32
Oxcea485d036c9c7947c154eb2c88043b921ff6c1c,72
Oxd571369f1b786e3089b370956b94bbf3a8f44d41,56
Ox71b429611cef92bfd91f393933bf86f922fe34ec,30
Oxcba2f6f4b75ad43d9c47ed3afe28d78b3910025f,50
Ox5777a91b3d8a79df1a1249db503c7b7aeb47ebe0,516
Ox57886bc9101d199c1ebd40d4978d91a8a9e8a540,836
Oxccb60134956b773df999c26eca96451be24929d4,817
Oxe935530c25d88c7e49837609302ab0906c192fb1,7
Ox818d33914bf173eec19ef467a58a42be3bca4cc5,88
Ox3ad8b5a840f43d453ab6be0e308ae6ffe1bb2f8d,13
Oxd0aa47ff05b7667a509a4b29389dd2544a4f37b7,494
Ox152cd583282cf8901c6cc4d56a64dd61fa20a6b5,83
Ox8f3ab9927ee1d35848fcf839534cd929488d3900,18
Oxb5f7b82e211395b3d24d4965bee2a1b5e96bf808,37
Ox70cd5fef18ecd4bda2f471bcc0d4e61fa9693594,186
Ox762dc4f0ead36e045002ac92762731d5f5d161d8,65
Oxa1e6a973171aac59b1abe95985a85a4463d184e5,623
Oxde9e79ff3f34ac0f3ec456161e3c3685bfeeb5fc,39
Oxc0a5b859be7b976e5ddf14b4d9cd69e2d05d302d,484
Ox44836307cb66f9a451b0d91baf7511a40ba82ed5,795
Ox7cd007011ebfed02981abcc9c8c79dace39c7dfa,17
Ox4f2c883d5eb1328b983599553fbfac70ba079d80,293
Ox34337650a2d5b4dfe63d6bb441f568ca4df82ee5,163
Ox96ff7c755bd46b61844a9dcde5006109322033a1,388
Ox3de99c99942d56df2d4ef649638ea1d6ef028b36,336
Oxf0b954a4de538b1309a0eb08048317e86bf571a6,6
Ox347e56ebe464be6a1c1440ba56093d657293e63d,226
Ox55401fb90759838690d121806e60eb2b7b7f4a51,488
Ox382602e5b7b6ec85ad454ad500496cb7edd253d5,917
Oxde446489221fe2772b25fd8fc193d24413e5f255,932
Ox73de84f4a9bf52bd8dbc8b50df656ae9673a6cdf,14
Oxb5ed7624b83ae7d72ce4dfff54800153ea68cc95,66
Oxfe5b86c774ef311525ba668aea90420cc3ace464,81
Ox281dc7d1186713d9bbd059f142289ef480903a02,23
Oxe3e3f01e4934b227325ddd28613756df38f433db,62
Ox6f8e10245375b306ba5419da8815e735ddc091cf,41
Ox60897a518ba8711426b47abda00ed16100ed789d,946
Ox279b939c52cc95ff4e9ec8774c6157eb184f36d2,643
Ox5cded16d8bb261cf477c71c65e78b0331b26d3fc,143
Ox11ce1190b8991b75c724aee86ba6603750b4521d,45
Oxd46e620b0d409ff55862b7e0304000fe93da8539,770
Ox85f065cb1b9dd14b24ab56158bfc45c461bd986e,70
Ox45af99f5b3ed2c0b398a734b8b2ca7c2b02b2223,60
Oxa028ebe27db740f5d86499473092b3b77eab5a4b,35
Ox9421886d188c07b63c8b74e1e1f7bef45cc96c26,1
Oxad5bf14eba5354531253585a360dd067c7484c3c,542
Ox330d777ad2fb1e21310be32d74eb916d1879f5e0,7
Oxec6d65f6135b77b0fe430fa45606aec387ad7024,20
Ox9cb70ca9f64c5679e0d7efbd7c1f0b2b71d6705f,379
Ox75b414943e2f134813e3090936fe81d8ab19cc34,84
Oxc9d22b7d0c6fe53bc26b431941734d1aa36352cc,1
Ox7f24c1beb572b68de0746aca14f1ffa7272fa839,382
Ox160e4d1d41dab66cc86fe17fe29e9ee626fd9d18,83
Ox5b9fcfb5fb0bcfbfb39d5644ef69a8f30df299e9,917
Ox2fd2edc8169da6e5b755e419de6fb890313cf42c,25
Ox14af3ec6168740066ad11fa7d8d044cb1a4ff23b,702
Ox98f859aca932d922bc5b6c3d286ee2be7e694b7f,89
Oxa606502f1359ecb311664a62f07f4a74d065fec5,427
Oxdc56604402190418b6f324f6258357cf3c4c5060,958
Ox4e3efa51eb4585f4c38e3bf0cd9d0fbd522951ab,539
Ox43831b132674e3eae181b0f2282ae67513dcde23,141
Ox506a9b1e7bcfd53810c4f1b6575fa648aef719af,60
Ox762f9e961ef86a1cd737b36d9f57a979f3c15d8c,103
Ox065a6a89295bbf0a173c899c94a040b7de56d4a2,291
Oxfce7b25211124d9289d04e87cbd7919577cb3b74,34
Ox9ba7af40e0f285617550e3f60306bc3e077821ee,99
Ox04575e2d7e9e91f31c436b24855f4b46a61399c6,554
Oxf47e1ee2f1c329893c027f7cfc0cd61f7bc60652,318
Ox31abfc16a9e545c8705d2a4c0e3dce3f757587be,481
Ox736999370f59bb30f9f3ee6c48cb3311e34ea3ae,188
Oxc3a1a4bd04364c0a8a4ce3f0fff086bf2f67d82f,3
Ox0ca81a94337be85f91fcc7512f32732f11827194,15
Oxdcdfc03de69b6dba13cd9193c0eca8eb7c1aa8d7,636
Ox8a526e5acd23bdf4ee47041bdbb5008859e3c2e3,63
Ox272c5e17873d6c9e69a291bd0560380ad9c86d55,87
Oxc2124e00cde3d7caf5a176382253730630efd139,27
Oxeb5f2cbfbe635ed6a6fc7db8a5768cc10737aa0a,72
Ox6711a5df33c57411ab1aa99239b30178fef2034e,10
Ox093435cb86ce0347ce5a502a086f51d827d01f48,1
Oxaf29e32e0eaf811831c9661c5a87826d1f2a0eb2,758
Ox5471784a25c9db934c3e2321cdbb12c5888909ab,988
Ox203019ee449925ee4b16983cbc5c5f1819782c76,79
Oxf61964818d1eadd9070cb5ba03487625139dcc4d,949
Ox48f489b20de239c8270c0c988e03bfe0b3ec8142,77
Oxe65a07dc0f7849c8b3d37c6f6b8c229ee9e19c0d,50
Ox5670471d35f8836efd9f90f781554e4e130f947a,462
Oxf79bb59acbe03edd278f1aaf60febdf43c5fc207,778
Oxc74a7f663ad63e219e733c56354909a017188cdf,27
Ox2e5d9e8cc452efa34343bbf8d070988119cbbe47,652
Ox9fb87becb8828baac2c206d0ce21d3dd2e27fa91,66
Ox1e3dafad00a743578daae51227796ce73ece77b9,57
Oxad465180506b3759de63b95911ec141d8ee0680b,872
Ox9950ba2c788e56353603bdcc536e2f56a004f5f2,696
Ox70ee705e5c1b2dc5b8a9f4af65a3ca085482ec4d,44
Ox30a8b5574f61cee679df6f380db8cfa7856e9d90,829
Ox32d6a65b52f0ea68b6431a88a29543c4eb7917c5,35
Ox78477e470a657ef09931ddd4b7f1ce18aa08863e,251
Oxaab0b5d02de158a1ec2165477a308b207f9132d2,904
Ox2d675410e3f8e788f19d23ee39788924ecc0f3ea,362
Ox74008e09fa94c41ad2fe711770f8a97656cad80a,80
Ox6e72e785ecc45e514b2af8c9ca00c3f388c5c74e,186
Ox444c9f3dcd9ea6b320488440d3ad23843ed17060,66
Ox1729075bf68537931bd7614d6bb148dc8e2f7600,412
Ox64079f2e46ef511d4151816ac6527f4ffafc17c1,74
Ox9e226a6b77d63649f1f4634e40aa20b305013177,10
Ox9538a6f4c7cb9659075539d509687c06629c3066,63
Oxa53dae5cf595f922db06f03cb56088a918024e7c,29
Oxb70ed807a14d676c68329390ad16ab7ac360e342,79
Ox3dd6a5be012ec61fa782bf6d5ae18441e9140d0b,671
Oxeb7d4f62b57043f26c79f2468831ef10e66bc057,98
Ox7aa55b978995a97ecbb6c4f9dcaa3aa5d894f0e4,658
Ox6d267ab759b50d1e030d712e14520c332db0ae49,855
Ox1604ee7b089594c771d31095e261410a27f3cff0,73
Oxe1f784b2ca7687b814359d6a288eecd4cf4262b7,66
Oxb6584100acdc3ac0a0b7b0ec9fda44bf54b07bf3,11
Ox5fd51b25057891fdf4834373d0abb391b2c4e276,302
Ox7c5c3c9b6efee6307d7fa02b7f454d89fc4d9f3e,366
Ox29800acf9e247ea5207420f70c6aa441d7597988,81
Ox0fbbf1af2a8aaa27bcd924e2a61732832b16ff67,484
Ox714ae41a7edbc663196b261455f1873dfc6d7171,86
Ox42be63a5d22f958a18dfa19d56a7e81252195766,93
Ox8de95aaa1b7072668ee6de071bdb8e8bee278f5a,49
Oxe5aaf3154750a16faf3252cbda56a91162131060,351
Ox7e39e5daee56714ac70749c57efe903b07cd746e,31
Oxa4e9d5e798c3cf1b1983cab840bc47d5b731c489,15
Oxb20d15cf72e77383f2cfb973abe1ad21b54a8357,41
Oxb8e575ee041ee4ac048799fbcad2e3265585b2c5,68
Ox18a39ac45273b33486eadacda5385710181a79e4,850
Oxf9524953b0dc0e3655a0779c92782cbfdca8e0fe,63
Oxe03d82d380b00fa98be694915b35170dd64aa8cd,790
Ox7fbdbb4cca348e1f584bbf766564024247fd0122,84
Ox1a1b7d7f465619ed8c1fc0c1bc5362e261e33ab9,47
Oxe77c5825f9cf7d2d723ffa9e0f71bf798bf70a61,103
Ox7d0a61bc584c09cfe91161ddb61dd9e368dbfd2e,53
Oxe19f0448d0bd5a8dd5a7051f60f2314bc4cf33dc,24
Ox296376593453ec3f0280ca0c2eb34ee007203ac4,431
Ox9821d1305c8d28795c8c85e6504f93f92a7e6a93,136
Ox0e3fd24d6fe08fc04d6d52c54c5a5fe327cbf9e7,278
Ox8b07fd2f04107bfd8e483919c9d8e340c4b475ec,85
Ox48c257e80db850c9ce5e479cf16525d8323f68d9,917
Ox20ebd0a7d5a75fc63342fbd89a3f15f53e909fc5,98
Oxb6544e7e8d169c74c7777ccea9564fa34114e885,917
Ox17252e7d8f300ed17930659ea0c74bf58e0ff1ae,59
Ox73d8de8bcfbba112f5d44ab21aac5a7773fa124b,14
Ox47316cc3974c9f5ef6a4ede8801685bbd1a9f492,4
Oxaaf2e6829c6b51bd0f1611f51996750e8951a871,729
Ox0f9e40ce392d2ab73f1b38a778c5b114b5473d6d,889
Ox2da5718367fc82a3a2209366f43349af0593606c,1
Ox24c1051027d2797010b1eebb1f5285941c735f7a,910
Oxda25280e66152117f28d4557bba29651934f11d1,642
Ox936e3563c9a0871bc5ef85ebd027792d05cb8771,11
Ox55c3fbf3c599d045b12fac0c16ad5554b53a54c0,51
Ox85e6f8c129453abb4c4480a07ab6e6a2f9affba3,45
Oxbeb1be39b90d359a5b5becf1bafd4ebbc344c1b5,15
Ox61d61a29df715d6ad05d0b3e80edd81c9cb955bd,25
Oxe9342687e7e395791cb21fdc03ade0313497bf6b,72
Ox9ffc5674140176dd7534fe3f46e59e520243023a,47
Oxc3b5a809bb15de28f41c82e304bf2876211260df,63
Oxf89395b2dea275ebc524866ddf56ecfe8fd967e8,63
Ox556ebbb993852ef7077523c171cb6005a7604a8a,39
Ox26c2a224015056b1a0adbb1b09f954c661c5bdcf,20
Ox05554d3da5f11734d0a134c6307722170e85f270,926
Ox9b12a45d45bf1bee2ec53db6cad26e55b495e842,73
Oxc1722dc61436cce56155d3f1a2c90376f2304a07,19
Oxf53e7c51f6626ba85aef2a33e62492984973a8a6,998
Oxa07c1dca4ef8312630ee4b690c3b78a6974da0d4,123
Oxa8e560000113660f46a1a623fbb76e541303f236,982
Ox6813031f75c8749eacd12292ffa12a61cc724727,434
Oxdeb4a325ca569e31ffed1c0d192fd4b15eb46387,884
Oxbbab66ce70fa43cf12dae50104e52715353d21d7,7
Oxe3234a42fb75f206f1975cca3e0f2927581dd96d,59
Ox43705251e6ffbb18b9be2728901b90476eb69f41,38
Oxd4ea843ef7474d7908c4a1ed161884c0ad96e329,722
Ox95d6ee5d626c2266db1ca6e55d7eb1206dfc5c98,788
Ox38a609b838e587b2d308b536b7700561e4b0084d,580
Oxa3e005f215cc17eb99f3ee23f3938fd16fa951c7,11
Ox0c928820905b9854ab6c4d9251e81d9ce82e570f,473
Oxfdc0a1ff9aa74ccdfd9cc2f07969b8ee1d0d199a,283
Ox5d6cf4be778c8a201bbd5c01bcd4570cee417ef2,68
Ox58e10ff2001241f7abd521b95c6590f8679dde64,243
Oxeb364db3079d3b98ba3bb4ea970cc7b7f08b845d,935
Oxb4c8778d44b9f37ff4814644245309b6299942c4,12
Ox4a66926da0c5f7e31662d764913926daa2ed1adb,246
Oxb24d33933f5501d229c41e105ff92286f877831f,338
Oxa08641ebf37cc18efe56e2f9eeac53b9e8c98326,985
Oxb2b135299937f789019fa2d2fa34dfa191c60378,24
Oxe1a4b0a78d71ceaeb7e477a3bc290433dd1b80a2,74
Oxfc69f72bbe5e008117e94a9029923d3adfb41984,505
Oxafc5e40095b3ae875d1701d6a0aec0a1e796c466,741
Ox0f224ba22dce5ab843da9a4bdac5ce47cbb7cf91,29
Ox049a4af0ad9e39628bf6ad7f65c58edfcbce8c26,964
Ox627ba931c6b25e8bddbf11a88f281ff80cf40a37,626
Ox5364e97076837ccf2d63e9884eb0b69797777315,67
Ox4499216ffda3fc18adaa99459995566c840806b0,904
Ox1f1d376ba2aaef0cd26b335d9b62ecc69cf1f0d3,272
Oxdb2a53c883ccd3a74f50c6ecab6c76d9ff90fdea,193
Ox96444782236a9412d85e838915ae2a0e5abf879b,437
Oxfcee512d770ccdfa241d196e72422741cbf1d8bf,294
Ox9d5f68a42c52a38576ea882232b41bb7a270dcb5,934
Ox6cc85eb7e2bdc5810389ab549d5f1e369035983b,14
Ox544106d68c68f2e1b2e8594d2746d79137afe8e6,30
Ox72b772438b8a0d66375bb633abd2114cd3822191,134
Ox3596a2bc14159e1240151a86b9249867e1dbbfa8,995
Ox89186429498a59c87187db91bd97815f98612c32,327
Oxfc5af9c916227c2274332125301c7405ef23c81f,687
Ox9acc2b02bd801332c1e4d8994865a8f8c798fa6c,26
Ox74fe3ab1786c140b99b1b46addb510ee51e1399c,643
Ox248dc684d08cfd9db013a4eb67b6cb6df0cb3be8,74
Oxea128002f942e199134b49dea547aa841bb26fab,41
Ox4f6542b5bacdaa4b7dbd6c4fcb1da915ef007167,616
Ox7462816d3ed9e4c5ab26d36f1eeb590ab1cf0f7a,10
Oxf0a6655a86ea03809df3912e9643b82fa7276aa6,47
Ox117e3dff330cd966c4816440aa3e2b473d3c26b4,371
Ox647bcf7a135fa74f62c3d7e8402c2c09f3498323,49
Ox23e39d009c63baec85c33bc4c1d604d305cc0a58,514
Oxee8288cd2e7f92ded2b08d0e79e8e855219c2f9c,57
Ox9bac60859d0fd7245cc28e286f16c5e075ee7966,25
Ox6d30e4319f3c19ac7683c69be995b74f725d3b0d,7
Oxc679e41819039fb3ca38ebabd3d820575af605e4,877
Oxf6f99892a63ec4197ef0892a8183ce1ee4250b6c,88
Ox93ce616189f4380a8888aa0917904ec32919392c,630
Oxe34727ac08596bb07b76777605cd374fdefd9643,98
Ox983b4d8fa861c3475cf5b041cb6a0bb39685ceea,41
Ox373b6dc7cf40e6adf67e8e93d85c71ff2ea6f9f4,56
Ox3355dff8ba433272b904e1f2ac8e5af8af20ec22,71
Oxa1167fb0019c322de5ce581a2206fccf5809b9ad,448
Ox6b4ad4ce450d23d5200fed3a509d6dccc74741b9,710
Oxf311bdcbc347d5a3f11dc8d6a70d8f21457d9c72,52
Oxff5f0466368a62910f0daafa8d20e6b2ebd73cac,890
Oxc1c14c62a164d2a0a2c95682b831befa7b86d5bb,56
Ox8e3a434c5f0314442c354a3250a9189df7982494,485
Oxd07ca0be9e0627543f1bb7e8204b83379ca0a87b,27
Oxfaaddf9d8e8ed228f8c5b3ca3bd67e5aca38ce9b,136
Oxe9e62bf9fa1a93c67e4e3f5c7bce8be821ebdf6b,214
Ox73470036c34ec2f4a7275a93b96771c9dbd46849,671
Ox0ac38a3c0765516d96a89c1f9d75654dafc50251,23
Ox367ba4d5e64325db10059accb24883aa290c9d7d,17
Ox5f14973c93db372154307e5d783b3a3286c6334e,877
Ox0bb4335dcc17f3230fd29b6d919ffa5e6eb9b131,9
Ox18cca72bc5e502aaba9f9616bd0d88ad7c4ed984,270
Ox5595d2875307046fcd3f15d389ecd74976659ed6,94
Ox1b2e0007431aa132ce2772933c1be4cf8af0f907,25
Ox5ad412c0c8b2ddf883ac5eccf8b964198a523cd9,441
Ox5c5972f1ab3dc631a87fc120d10acd2f01351e3c,260
Ox7cb99bac147d93546b3d13ad47a62d02d77e5450,253
Oxd938f8fd2231cc04fbd73fd3754de7370af757b6,512
Ox6e04267346eb973ec5ccb6c97c95e22fdc681459,62
Ox34a2a17ef53643ee72bb31135d78405041e8b504,130
Ox71effe082402cfffe99a1d8754fe01412655e162,92
Ox7ba7e8e1e21bc7065915f80d508e1e74716a2cfe,195
Ox33d0aab7396e3b5bd6b21a35c73ff0217b94ba7f,555
Ox1630ff759cf2f19d0f782b543f699eb239a5166a,76
Oxf1d0cc1c8c9cef34e63f2b0ad9ddd7fb13a8100d,12
Ox6e267033775498237883754b42943b9f7e302a99,36
Oxbe5e3080e39c2fe15136669db4d5f15d3df4dd4f,731
Ox675fa8b243c23acace9ee55c1f21272e0ea23edf,71
Ox9a2a72eb0fde284c217d77a8c309e43b545c576a,96
Ox47acde21a85d397ed167ef5e99f6e8f8542b1026,72
Ox8b7af24542ae937523ff3363c332db6582f782b8,583
Ox519a087ef43a3ce6038b4d4151a735cf3a6c3960,36
Ox7ed287c18dc5dab1b9e47c16092a5236ff24d6f8,673
Oxc943dae788067388e1f82e7f0d583c2c75f2cdf0,56
Ox15954fff8d15dd9068887f306b59a41e368a29b2,142
Oxf37966479517e75763e3f81f3fc81703d84ea25a,694
Ox5a64bfedd4cc1304e8b60a17d7a735a55aecf64e,927
Ox413c171dad561dd248e200fb6f11beace843c449,884
Oxe12898c146a0c9c73a8d9b5ad57968ee5cd16dc9,964
Ox51e83c561c55e971f2cf1c125c4d5e90fdbb87bb,93
Oxc1f6cf166617fd85f88355723237aa511d402e00,122
Oxa13fa2e5df59d5d2b609d936a075179309ff7f2e,165
Ox880247bcc78270ccbc8d4497ea2143cfd7da2821,642
Oxc037b7f97a66915bbfee8103f5e376ee0bf5f50a,603
Oxe04dca63cfd60969f3d223f29876d9decbc0a346,7
Ox78df23e77258a3b2e02ca8dfda29cf4567ee97ec,81
Ox436b5451b7fbe351a767c48a3e9dfb8c3044d45a,71
Ox1b895b135802f2918a5983265c961d2c03d69bbb,543
Ox97667f789e62e8a9cc7d8d0209b453fd6c4badc6,84
Ox09a51067e7b45b7790ddbc52a6d1b839193415f8,48
Ox6e949906272bfd2e3776d63d1e37e9921311f122,53
Ox7f94390908b2fa1813de5b490274977ec94c2d52,34
Ox97e285141fdd947d26f3913da00d9972432637e4,388
Oxef0085455d9d971e66159b2bc4394b2ebb61fb6b,10
Oxa17374a056dd7df502e4edc7f04e334d3b4e985f,375
Ox35fe65ff361d072e9e28d5cea0d7ae5266e7e4e9,469
Ox997d2122e7e14cb9fbe44db7df9f5749537d2e4c,92
Oxca5058552722e2f158c44a4edfeff976fe54d41b,222
Ox255064868ea5804b727e600dcac499a6eb71bbf4,2
Ox556e66392572e60cbb15a5a08487abcf674b1f8c,480
Ox16ea9defc421ceefc1c8c6dcd62820675cf758f5,57
Oxf6a021aec62fc9b986dd566c1ce11e572b3fecc1,71
Ox534b03c7195014770a99d68dd38de7f6cbb8b9d0,16
Ox25356ce771115a39767bfefa3bfd2f79f1aa6bc8,589
Ox49093a6564ef15acc9abf6aa7aa5f7f74a213996,73
Ox3600dc7c3c3965aea615a113ce5c37afb25987ac,24
Ox53ae843354869acae011abdf275df2278e3aa3ba,62
Ox09bc759598a65b39972e40be5a26262f92edd66a,8
Ox971c0d68beb422e2d00b9f61eeb0f86b26ad8b6f,59
Oxfbbf929ed1cfefdc7cf72e3ba8d63dba689a5a36,49
Ox95e78b0f4292bcefa34cdad4cd16a2f46a8b3c09,460
Ox956b5f362a8ab47774c461ccb4d763ece2907d62,18
Oxedea487685a982035d38717ba1a44b71b682e3ea,78
Ox58c055b2486c3a96fced2f78d70105331840a917,34
Oxafd6a92a5a5d7fc79268783eb0cea7476d2dcd85,47
Ox9aab91f63173f7f5b5356addc2dbea96d3d8ddd7,597
Ox5c27a9c1dae5c44788c7cedf39c469c6329672b4,745
Ox181c1b5d29021436c76c2b6dd6c5574938bb4563,327
Oxed86a885aaf0b573b990adc4a5d54f89df30496a,8
Oxd1d0beaa75747cdfeda65fc0d8788e23666a2ad4,693
Oxf52e5e7fec31ea6c54988134202110d51d4da798,7
Oxa4a1d7b14e6f8b64049fa0ff01dc2b67fa4b363a,16
Ox371ba3887d142f7052664f74da14585a047f9dfa,992
Oxdbb346cd64ab7576e7a09d3039f1ca438467037b,408
Oxc3b983335337a4db043d390c5e4d9c2e04ecf7f0,710
Ox68a420bef318b50c7be0a4eccea5d04d57a4c10f,6
Ox950643298cefea462851b9ff0b5678bd50568f36,65
Ox2c6907be287d909ea92533923d15bb00d0ec4694,50
Oxd2b0d1f353edbc5cd1dc41993bd28a1d60e29eaa,74
Ox430cac6aff8de3a90501805836c37766ee9daae6,71
Ox3b017f81303ee9482a3abe16fbb32893a53f1dfb,36
Oxd71764543b9e5b530fe0ab09105fdb0d17eebc5d,44
Ox2949cf5c5c8e56a4ec4ea754795f21c33ef9bdaf,293
Oxf1e56ad876ec351f3bad6112882c6e2fd6f71b77,441
Ox446bd1a4cfc8b399064eecabba9ac089683a7c3e,847
Ox8fe12db79b652aa14c0fdb21d039c583b9b493ad,794
Ox06848a9382644f3b7816ec048f49d037ab58cc9c,81
Ox2d7f5b620841bef3374ed3b426721ef5ac1b4773,556
Oxa34f139bee045e5a2fe3a3deb0e24de1392880b0,11
Ox176ebf6f3840267470e8fed7c5fb58086a17ddfa,42
Oxa9d35f0367bf65a67be22bc486286f343101e0b0,343
Ox3919230cdb98c399bf36bc232ebbe552bc2f86f6,29
Oxc4ab71b8d354b6b59f0d8a6fd39ec421c525b6c0,50
Oxfec7d3afe5acb187decaf18de77d8b5cd18e586f,90
Ox1251399098f5f21250a90da1467ecb5790975d2f,49
Ox7aedd1ca90e64b7f62f85f64afee01232a07ad49,812
Oxff9118d95d2131e8eed86a96814814bfe8ee63b3,61
Ox7c99381fded05dba49d4825415dfc66553be2eea,559
Ox0743d55b460990adcbaa1d458afda676a25f0aa3,115
Ox7e73e4c66e4235fb96dd50feb1c6e6e37383db4a,827
Ox4ffe0362d78ea285b63cf94f4ad5c81bc03e92d0,674
Ox7f443ebdf76acab8f3cd2d85c2d5a85e4211c249,828
Ox85f2dce0992a5273cc8e2dfc26d685aba60d42d1,18
Ox46b88ad8590b003b61241323c9c9e2a0948497a9,412
Ox6f1b87bedc52ea4c52aa31c0194229736c0e2456,439
Ox15d2eb96e8275673f548840f1d49d1b738a244ba,859
Oxd731ab886b88a897880c02dcdaf9ebb7e13d99b4,602
Oxd2d62e56a62a67b2229971943a48a718b935459c,146
Ox07a7705826acba8b300444c2e842e4896146bd2b,962
Ox818ac5d75767c77135f6fa8ec0fda716cb5d7e58,559
Oxe2ac71669c7e125e818d32c93cf8d29980ddffda,92
Ox3070745e50f065106c174727cfd9ac545d841da8,4
Ox6b298c6e2b02820af9ba4f21fe1c426506fc214e,120
Ox2c682c0154f1303d65eeb961a7c3eff9511cf69f,41
Ox2a0144de9998fa0e5103eadadcc6cd5b25d801d2,58
Oxbae4dd9650924f80409de11c69317f975513832c,383
Ox6cf56ebcdceef919c0162ceeacb88fedf0ebe265,611
Ox7e55d6bbcd9a18c60e7ec63a6f2201f3ab577415,3
Ox6aba439056758c537a5275faaa53bcfaf23c1b26,412
Ox844a57f5694a9750b00ce049347b5fc6270a0d49,71
Ox41812b2d6b083ebfaf5b2f211dfb876b9fe4f151,48
Oxd19e07c985dd6e755cf017c447e50204a0f3175b,27
Oxfc8414f277a9bb455edc058576097db76e60e439,941
Oxd66f7e2b5a0a00f6ef0765e0954d3b92d7069cf4,30
Ox72dc34b4b303f141e28f8a7bc744b387e9cd26a6,86
Ox2e8a1978a23f78125b6847e80b52f3b9d42f8598,628
Oxb74629a50c71b966463de65934199840de4f2b7f,70
Ox4b81324752d7b663fb722b5e19263271c4aacf4f,41
Ox240aca81907e502c9564cd518f3a4b64991b2650,86
Ox71342644ee0991d4482affc9f7625388eb6c8922,27
Oxdebbf9d0a72e93e3d848019670beaa4aeb8ef2ba,87
Ox792e36cd1aa0d14cfe17bd4c2da8983f7dab3835,86
Ox8d85c0bcd294b1e06f81968a19731244f82af0c7,75
Ox2e3479c2522c0bdb89d813249927e24bd3fe5b55,77
Oxa639c24d4eda247a4c4e24458fef10a04362fa59,332
Oxc5e887db901f5af21adf1332b5e36e73d72fb3f8,23
Oxd4b712e26b4b66e835459c71feacc4d4ec712b28,91
Oxdfdf895c74680ccaf2c2cd00bceee99256fb47c0,137
Ox1736cb9b0c0e8bfea0245bdde4efadacf1f512f1,67
Oxf70459acc9767fdb5d86a60ea436c8f99b707b86,73
Oxbdc926b91775a42c0bb935a93d2a39628dea9f87,871
Ox3bb7ecf7ff2ec3e16f5689c0458f554c127c6a2a,61
Ox6031c8d77425415897453c766d5461c9aa6ab128,34
Ox25b60db0fecaa633f07d187c759126b7c08d2a3a,225
Oxc212ab4884454e963cb9d6de6bcbaf8c26cf5517,58
Oxf38fbe5a665460b247642ad7e70c57abf52eb0e8,300
Oxb840e31f13d241e0114271dcde7c11037af1a251,291
Oxee884e51d166bb545fbc42b01948364818c06a23,491
Ox6476e4913902adac6321d46fc1614a9da811e319,776
Ox16c9c4ac6f98ea9375209c490b7e280e4f87128d,86
Ox8fe647ee2226bfdc16d39530315d1cba66f4229d,5
Ox77ab360820694b51bc0e34e634eca1c1aba5dd5d,404
Ox0f8630dc4b4d2ecc91a8fdfc3762186a77635ad5,411
Ox6dd2e0ebc52184f7dcd2ca44973d3610565ac537,757
Ox536395206f64a964878661f7e71db2cec42033e3,83
Ox42b46ee90b28874384a8f5c5ee67d7a7ec4139bc,52
Ox5fc6155fd6abc3a34ff06fb7eb36d728fe867a55,84
Oxe201d29b23d78ce247c954c1e8d1f011c6388195,984
Ox18623c16eed8c9e5cf7ea8e7983402c0e0c94a80,9
Ox2a84e0c4a3a086b1a1dd8d286f1dc22562a2b4cb,625
Ox416538248bfaa6f3d7678fc2f109c1491f76054a,784
Oxabcef21ae1388962f8849f248200558075f3f96f,49
Ox3bcaeed0efaf82f2dc64d36c871332d7476abe51,69
Ox1ec46e11b613f15edd87466ac5e97b1c16d952a0,56
Ox9e5fb4a4339df1c10e5b558bf12d0e7ddfdcd583,436
Oxb5add075476eaa76c99d0ef659ca2a4ebea65670,19
Ox78f2a9931d40c1425f7dc344d2a245d876612dfe,805
Ox80d1bb2e7817539712d7f6b22c6c3200822e4356,21
Oxa3adc35397e89c30cd613779a52d9f7e9698cc83,259
Ox621b299a8360eaf2a2d4fee8b35a0db71e8b6a7f,9
Ox76a5073ece5cedd26ca4b92b7a08bfc4888dec65,48
Ox92f4e036725a20655a0b14a72798514e6cd7f9ac,90
Ox4170e2edbfbdd84ebff7f6cb986446ae7edf5670,240
Ox3f89e51568a998fa62233a0eb93b987e8603437c,93
Ox5409cee136db61f5e523f6a59531a6f3e5cbb8a1,67
Ox0a7524a1a841e798f1097e02baea13b9e6de7a32,528
Oxc681f60b287a5f54c8bc6b3c70da385501ab819c,767
Ox26818fbea3e8b8effb159ce968c0560e423d3ab5,131
Oxb0b9d12ac6f921bb960dc2da2dcdfef4a7851043,57
Ox043077ab1ac7f6598a652875328af583caa681c7,19
Oxa8d8799a166b86e6d88ed8b753cd4111fa87adcf,813
Ox8d9f2aefcb357b5de891e67a3c2b78a896171a1a,78
Ox2276209b9aa3202b7871a5cd8d28f32712c90760,959
Ox70694fc13d720ef320ce3dbb67f09100fe110d49,996
Oxc419977bdeaa7678327b124b15f9fb674d9c659a,546
Oxf15f725111488ff5d119ac6e7280143614570f0e,216
Ox70a1570f82b25c79f6182365571921e609a8f75d,28
Oxd29bfda9ede5071e5b26124e5d2f6b705671e4ad,66
Ox78884876375a1184ba10254c1e72dce49847eba3,683
Oxdf4e90b9fd321eab9250a88a4a24b42f9b16e6a4,714
Oxdc17f07c7b1d22f89c7bc0395a5495a540a7c2c9,935
Ox44ac1005afa5707d7c56260b8fe855f24a0b6e4f,971
Oxf29f10e127acec9e4bf1e7b7f0f03df6fecd3ba0,137
Oxda17e5b2b660629bc80db2d88217d48cda63e3e3,248
Ox60c838201d921bad20eee8bc6bca7a4dad76f345,778
Ox04fa5baa6fdef4e507d75a693d7f66c858e0f86d,42
Ox5fa70701c7cf228c9c813020a632c3e5acb7c970,52
Ox9b14f03830e2da0d98b7cf661f754d05c00106af,70
Ox08e025273b011c0541702c0a830914f45340252f,4
Ox1c93db35c0083e1073abdebfedec3145d7581028,15
Oxf66ed2d6d0d794e05097aa1470d824e334b90c0c,48
Oxaa3fb7393902836a1429384d5736c0b969eb8975,744
Ox07c36708478982e20815129ad0daad2b42321871,76
Ox7ad72f66298bcf526860573a3c352b2d23de7747,35
Ox227de9e3230bf555c7fda03e1a36851d0b062f12,43
Oxcf678566cdb3f1146e5459ae6822922701dd0f54,96
Ox3b506a68286c8932ff70098368af434eccd1f552,61
Ox6741b8d475a30e672b14fdbfb83505c5b509dd36,71
Oxed94d848d7de6e299e9bef1fd9f765ad6d36e876,839
Oxd9ec8f235003e26677b6ab3726ae3813bae05d8c,620
Oxb6193acfe963ccc69b8bf389fdbb483c9b933991,49
Ox4548e9d7445ccc049c30cbd8447167ec01eb3e9b,711
Oxf4e82d307cb01bc88b6f93d2541026b5ea06d523,722
Ox4a6af3d7d9b5467e51ae8889dbfb40e3590edf87,87
Ox622167a2a3b95e83e410ac5d3a585da948b43517,81
Oxad73eda670a2a7685314329ef64b4f07f0b5c13c,49
Oxa909aa46451895fed8283be8a437dd090b868558,737
Ox30c4ef94588135e65a355bb3b8a4bbb82f931e26,12
Ox178536c55009f12277c82e35404b6bcd81338bd4,22
Ox0b7315e723df3fbb8d267c1c0f03df18180d79b5,24
Oxbfabf768ad60a15304c8e4854b97dc21f3577e62,659
Ox930b501a85635e2c930f2c9bd1a66f27f9bf75de,888
Ox2de950939e18afd704ebdf1d19e066e6eecc99c3,916
Ox064173180e72b8e1ebe51908e6d60dc2ce3c32f5,860
Ox21ab64a811a8f12b8cc19e5c1f875e1765279bff,96
Oxcc2243e75b60c841012853a6448eecd85d31709d,53
Ox277e01cef8eb78b44fb654d7412e9aeec3524419,72
Ox58054906a46f52ccdda90a5e4e205be57a51a84d,59
Oxf14ee82578a654c28139d4622a8ae9fc582604ad,25
Ox3cb7a49b3b368fb66c60c9de36f5cfd5507eb4b9,67
Ox92b8a7ba6465e8671042302b5a35f16cebcb5f2f,85
Ox01389af716919eb35035a73aaff319f57ec5a8e9,26
Oxd842212984c5f9064ff5db5362476d023ee37ef4,37
Ox436339e95a0b1229336f72e29e58a1d5dea3ddec,48
Ox3444400add0b0dcf209d3a9fc5f1be994e9c4913,574
Ox03e0e169b4ed424f12df2ace8d9ea8e2a78769b7,788
Oxd622bc66fadb1cec6b4eefdecd59cade51ea4ad2,5
Oxc49a514184e4fad4ba441518d78459f7ee75a1f8,705
Ox59f46911aef979f044eb0e1d7cb06a06f1bbbfb7,558
Ox565db796ab3a2ad4304d9359b2213ce3710cee97,610
Oxcc63a3ed547c5980920c02c864538bbfb7eefc75,428
Ox3cbfdc4e8319f764ea97a37803d763e3698a4507,70
Ox3007e7352b63e96031b3770d06ec7930f622ca8b,44
Ox4fc2bbb9ec3d22ebcabbb65804c6fb371ecbfdd5,43
Ox4b2f52b828294efa3bd08eae62731c7782b21473,513
Ox1ca34a0b28bd6e6061e8a27a6a2fa817820b28d8,53
Oxac98b684891c0c8f4af22e0fe02d15ff90393100,824
Ox4c17a86a70a2d916717d0f97a209754266204741,281
Oxd80f9ae14018cde7a299514563f9695084edb293,667
Ox68f68c7f9e2749d00869c5207e3ad5f04deedbee,454
Ox11e42104f8e4011a1ce732f4bafcc05363f59e32,846
Oxc754595a7384a48a6f7ddb45943431cbe2596a8b,366
Ox5dba0881a08bb81aa8f0d6dbcb1edaea36598e56,82
Ox4f2c42f2181f69d016d4e08c617ea5bfc734dd40,172
Ox9d9d8086e4e568aaf8d9f33ed8eb86ff661c24e2,549
Ox171657405a09c9e6092c184f2d60755069a3c6e8,67
Oxe8d51aa0ce545feb6373f05c08c1ae8d7add9378,848
Oxd7198afc82f90de30ddc49e302b1256da8ac4bab,562
Ox31e2fa129c23236042915dcaa4fa3da20a48c1b6,58
Ox40613bdf0b96fbbc5478a1935ec3557bdf2b0d40,902
Ox5c2e43816c75618362acc97ff78480c3d1893cb7,53
Ox2d4e97fa121935dea574c43728c147ee3780b0f5,891
Ox52a1f7032b6caddb425a02bc1854801bd577b056,79
Ox1f7e02bbed02838c1434089a183b2c79f4960532,389
Ox2b6371e6f3b06de17c3a4ef055fa89a98d8ec389,200
Oxc9b660c36b30ac94d3c864a9ddeb2d6e9b03adbf,76
Ox897cf530fa484bd267c3aa93eeef4b75d720f5ad,942
Oxb4dd76b99f0abcfd1ee9d10bb8e17c3c29bc7153,543
Oxd42a055e5a87460d21a896ed830ba1665a23feab,56
Oxa92936722231d2ce94a84a659a11f492bae1577c,671
Oxe7822d7b2d0c3eb08a7bbd4971c4dcbfe26decd9,86
Oxf2fbf76797637cc94233969b91a807341d3e61c7,52
Oxc80093546cd1cf2d5ac3c770c4c9e52d667bb700,60
Oxc6dd9a6800c2ebcf24e7520573838e11578721d3,20
Ox391fec4e306525fbc200a582c4dce2ac557ac8e2,253
Oxa8ccb0634aaeab6d15d8f2371b956b0e3d927d28,836
Ox0f5c3f9882dd7cbbbf7c0b604c9e95761ebed47b,48
Oxd0f40fc68df04e9cde86dd39a4d9d2ce67cb1aeb,26
Ox4917dec53e015fb3079e5eb7375059f979e00b88,157
Ox919f6f9eb1cb0124f4157da1620a9f26cd4e590c,673
Ox41de4e0b458bef6c4ffa9b5b42577ab8eba05fe9,134
Oxee7be099a041580be03ae9f0915f09c329b3d8ca,927
Ox631f7ad63f1892e5b91a7451b7c5fab08212ded9,886
Ox73a6850c75f1b28ef48ae0542c7770ed1c1da7bc,73
Ox8c279dfc2d27c217573c06ede4d7167d1be45f0a,93
Ox0509e19f82be877d85a57e0282337579cfc2561b,436
Oxf840129301e5ec0f3c8001828365ffdee7484bc6,311
Oxb0ae1fa7b128d8fdc2981097501a5e1090d4158e,68
Oxb875b08c2830a11b7b052b736bc31714acf6abd1,84
Oxaa68f9e55e0043a5fb2fed9e403560c567376fb6,36
Ox358661071b147df863edbaf7c0a1e27739ff305b,26
Ox8f21777bdeeefbc497f0d49d594b60cd29c2d8a3,306
Ox04c6a2512ca5e250a8d90c32ef0a7d2e745166e7,34
Ox10ff49f5053bcf9e24beef898637437012d15b4e,188
Ox3fad82585f6f628a00b5c2f4cca83ae485eff80e,966
Ox7e6468c0eedd53f0cb10fe38d0f37d57185e65ac,879
Ox114ae65901816fa18c3b8e65de2de92fd62ffd38,37
Oxfb63a5e331b9bd75fde0bc36bce56f4d39877c43,542
Oxacddccb6d33e04ec2393b9f11fd78fda94be0e6d,85
Oxfc123661079928e514dbac6246256cfb5335f36b,15
Oxc0122b274f6a2fda010619e324d9c874f617723f,4
Oxe3637f0e4da0e4ebb5e6a139ee03ff98aac8853b,888
Oxb258bdbc632cf3d548f546375bdbe0a048f88148,51
Ox1493c225d2821ba3839b8fb7a125b54b8d32f024,813
Ox01cbd710fe8b37700a6889a87fe3c79b303b31b0,774
Ox4adcc518cddc0745015697ed8562bb8fdaeb09d8,46
Ox0b986b4980cadbf2a04b618eb734ff46f8775e45,824
Oxe9a61f75213109517804c88f8cc7546e87727eb5,30
Oxb7857a749ff2a7bac6202e5632a272a0f7207465,73
Oxe15ae2dc1df2c393bb9c9eed912813c35c26900b,22
Ox7901f6db577e83c7c34c8e59f299dd7bf6cf63e5,80
Ox81248103dd98bc3974df597466156d49b9be617e,476
Oxbd306ca5fe486f4c19179b985ab28e957c838f76,17
Ox902f57cafcbbfe872c26b53139a008878f8d8fdb,8
Ox51366544943cfd407bf99b4f648162830ef026c6,536
Ox6f4f8eb94bc4733b2053f3fb2d427bc07e2912f8,96
Ox24ceacf449f6e356cfc0094beb179674f8234cc7,309
Oxbe800234afb28ff89b91393b5f8518a54d3a71a0,34
Ox3342e2cd7cccb4faac6f424bdf9087c49e4e0e1a,74
Ox3c5eeff9abacf35d8fdf552b50c315b9c82be56a,756
Ox3cb045cc2cb8463adb37bb101f97d86d74870041,102
Ox057e2889420c93f92ec0f7bb4b27c82e1e6523ee,256
Ox1c2f2f0fe29bbf182356df943d0c90e4a519f5aa,95
Oxa5dc39c6a38a1bb5c27a49cbf2681ddb12f241c9,77
Ox46accf93f32030049928d0121171a78ff1fb497d,359
Ox04b460f63172feececa3006038a9aff5e767bc2c,33
Ox2a72f92a80023bb43fafd71e3d114bc348320e2d,77
Ox8aa1442f94452d1adadbe2a16c6603f433ab5322,46
Ox60eb72d898156298f20e737641bed10c2fba391f,85
Oxf6be92b5568502e1f787099b4366c36ecce632d1,62
Ox47f0e7969454231fd6f0fcd1bdd8c0a861a70b03,148
Ox58157c89a593c2a88d4f69d86c5d27c26bbcbbab,23
Ox60cb34dbec7214314c4f789fcd09ec757a7cfefb,78
Oxe41e6dc364b74a34ad9d15dbe1f52b407a209779,77
Oxeadf4c440b6ecb83481c123cf51492ace9129602,75
Ox67da0c8014f90ecd6f03244eb2d0445668d039ff,820
Ox3060222a8e9d51acf803f6fd9742be40c84d15d4,54
Oxc775127e8faab35d2cc5ac3d6082673537c7ebda,27
Oxa224e8c4100635401614b209f81621457965f1c9,57
Ox9810400c4b485795a355e4a3d44e54801eb2b160,339
Ox177bdaf949f6857bffa8a44bf10db84b5ecd2ec6,607
Oxc3103bcdd3ef190607c57ec99fc43635dedc5b26,21
Oxd02569e958fee67666b1c6d322e9b2d02bbff600,310
Ox730dbc812747caef89e0417d77d1ade1892703ed,53
Ox1296f9614aecf8e22909218495c5cfefbc452a6c,57
Ox452ba3f8a9760d650cd93f86e6a0b80aa06bebe2,709
Ox90587b5308f36202673e17df26f78dc8471e2f1a,71
Oxd69030bfb633e5e1dba17206b1dc43a791245cdf,4
Ox22a71bee28065ad1b4f11362f1089215e635cc33,86
Ox77271206ab32bdc357634e681a2ef4afe3787317,8
Ox0579accd3e5c1160cd5bd2af41a83d013d38769c,320
Ox124e9bd43a29a4541540e84e2cdbab9376ef62db,575
Ox32e0e85bece086663445876891b7491ce419cbf5,91
Oxfaad716e4efdec5fec874da658fe907069d6f4e0,100
Ox976e23a9dba1ba4492790ffd826145badf874911,71
Oxf835747cceffde493e064f60eb8a0aa619eaa139,64
Ox1244dd8a10b2cfe23c1834ba0db5bc93f98f0b97,774
Oxa7d52b2a4b674d1d948f732dc03aec9da3f29e65,924
Ox43a54264e692e0efef1e5005a3d582a5fb63db13,522
Ox4d7a580927248522ce251c9172b941f8ead56dc1,847
Ox68fc7ad67566d13baecf70a6f7b592245efde289,40
Oxc756bb03a9c67bec3b5f43cfa3246684f355d124,44
Oxabefd83b7a9af118189efb51c50dc88c0daf7812,41
Ox8dca2647ba31cef0248d6579b0c4cd1408509c21,542
Oxaea612213cee83d4451519439ce97496f60befb5,875
Ox76b538c23faf96cfe8a842ec672f4ad96d05399d,80
Ox344185fe0da7a0ef52c9046459c65dff4890c972,584
Ox25b41c5e090d848a165874e88c1d0c70bb4d191c,356
Ox39be2b19f681867c0636edb0dd08c8183095c30d,39
Ox40ede6ea4278df9d3f54226112920b0ff433392f,48
Ox62463793e9476d24fdc385259d347d950ed62fa0,106
Ox6ca69841b7c3a261ca952cdc2daf8464f4748978,24
Ox301beb8c6fe115a46c4cd1614d1c4355818acfdf,759
Oxbeae7c5c9a1afda06bfdcccca58c3b9bf3beaec9,997
Ox659ccf1f6e25bca3cfd57b9d3bff10dae88ac200,61
Ox2b6ce6c122913879c6ef5ba30de1f604a669e151,272
Ox114912e4f5284e3fe0c690cbbb24fdff17ad84ee,770
Oxb9e134fd9367e650cee044b2a36832f6ef17def8,3
Ox02e5d04ab545911e5fd40d1bbe76672dabcb919d,502
Ox6ed4c54784b9a5bcbade1fc93aa7d81b55d71bf3,72
Ox6d53db1a1c4928a70d40855f63ffc113243629ab,93
Ox03f9a89f7ae75770aad81e0de6e45ec5cfbcc999,88
Ox7c905446ebae382002215d6d705e312ea1df80d9,83
Ox6641b76704268f1c186dbabb437472ea056363d5,422
Ox838bea9bddc2ffb1ce7ffc04bb8fac540e0985e2,281
Ox4f61ed250bbf9579ae4de4fa8d80f6556fa684f7,997
Ox9bca17ec954b95f875e083f66caa1c6b604aee81,538
Ox3c6a8c5ac41753eccc2be5679e64a98d8a585207,848
Oxdaf199c42c96a2bab291fc89b1b7ac10bfb219fc,351
Oxfe42f2daf8f464ef7923e4b1e3b31d6a3ef11fb8,24
Ox68fc91204a0b8609377f37c0a3d91afb708cf24c,383
Oxa18dc88108ba84260c7d7c8fe170fbf179138944,5
Ox89659a2bded28e10afe37a39d837129694b086fe,42
Ox83e00d6dee90f654e67c9f98a102e76ea758b276,89
Ox09e2fa754fe0bbdf2d7f17d6f07cf5bdb7ac915d,20
Ox61e71123437a5e97d1c25dd09b038b31e0879f78,201
Oxf2eb8eef3c49dc642c7e3906338d2101d0a9f704,59
Oxec500926d38f330662ebf7a8648d72dd51515a53,45
Oxe441efe041f9e7c0510396648423222c377f8cd9,34
Ox07c9f32efe57aac9541b7882b5124359a7b31659,8
Ox954e1622743405d519c4598a90c0fc63892199e5,14
Ox48751b4ecfbd3158f62213f058b9c30fd1926c9d,90
Oxdaf041fa66fd5719fb98924fb592b66c26dfd954,279
Ox1d90fb4b3eb5315783a61a6296f645d5324f1197,1
Ox57fdbb48c7c2c247cc9273fbf1920c95b3802cb4,63
Oxac1639963d7dd8d8752351d3b785960043a06742,50
Oxe64b37a2315a46a65337c4ecf9c71941c69ecd00,78
Oxb033173ffe5fcd2e5dac0d94f352555e096643bb,247
Ox2b82386e45504ddde7ca36070912a1c6274b3885,734
Ox508bff7360936e38743b373905f92eea404958c5,285
Oxb7c435f73de9bb69d477cfeb6db25ad0937ec376,9
Oxdae0902fab63574acd0dee39d91d9c932b581ec9,364
Ox44f549decbbf8b121591084dc077409f4a64ff54,294
Oxcf134e8dd20f1a3b6aa421a201e122956ed8cb64,95
Oxdd618e0cd3e3721fb95618d191553bd8dd3c058f,59
Oxe2423ab4a6aad339e1a521ae17f545cc25e5e2f2,72
Ox7997aad663b8e9a2e8ec81e3cba750ff535b6476,97
Ox3f38e452a2e20408db908d397efca935d18db7de,783
Ox27b411d9e4a2ccf0797f1efe4890a91b5021d64a,66
Ox5dd47ae0bb248ffc11e342f673ca346a9477f325,71
Oxef60002d941012a3471a97fce6bec2c6babac4f0,20
Ox8545843fbd943bac6a3268b54c69736f400f7f9e,844
Ox4c28a629aba5d63ef1b96cfe3912024d6e1f2c64,84
Oxcdaca998395bde617533d3f6cf1f1fe4711a0a40,99
Ox0e6aaa5ca4bf612fe78aa2ad414de07a5d0d7116,330
Ox82d53a7619b4b5d01a7d8edd4a34a4397d2ce795,345
Oxd3f087fc24202dcbb04c9f181345041b88c15d27,900
Ox2ae1935faadd39697252261665b34dde1296e48f,29
Oxe5d2485dac14fb333e6e9b8fe7ba2df126aaedb7,249
Ox248f73dca9ce6cddad22cc2686e22b43192a767d,772
Ox6a95a3adba87c7c259444215a2bfb11af98339ae,46
Oxa3a8fe7f84dc20cbe3d47e454438a22fab8b2297,30
Ox8e332e8bae0779873b49f86b697941202ac4f017,28
Oxabc245b510af94ccc88985572cd153bb7f50f876,86
Oxccba0954f226337607943c39ebda26edce764eac,37
Ox1319e35081cdf843277eaa91c42aeeb933857c3d,93
Oxf198bd67902cd7273b7605656072f1f20ae94f8b,3
Oxee1c326541f78b5d30fd5f87f54aba3f610932f0,47
Oxc409985886e2749b2ab88f35935e70cf09d0533b,20
Ox78cfc1003b1c66569699cec36684e30205972c8a,124
Ox3039772b9247fd090960ab95d236d39da5015cbd,4
Ox51cfef6987d964c137cddc65332ecfa9863f8d07,966
Ox526bb3dc471f54affb7bae02c199a48197925c28,52
Oxbd70948e0f1523d8b2d7b02bee4ef21226732ace,104
Ox507ae9b76d54920ef2127a095d8fd25133c7da98,445
Ox18c33b0fca8fc15b3a0c4bbc48e2ed7e842ad69a,612
Ox988c19ec72732f82cc7f847d29961eb7ace60f79,98
Oxb389eeb3bf72b7f996c18f229d9f0ebf0bb3d879,87
Ox4c3c1218539b2f57c301fbe0e26809a29064fc1a,92
Ox53121fe0de0cf0f81c93e021d9f2fc8903943a5f,597
Oxad17a39a913a0a121f7919439b53765a0b98b066,16
Ox3a5d09b28b19162249a17974eebbf0a6f1c8f0b6,32
Ox2a5c3378b33c785ddb68621b37a29fd589500871,214